<assembly xmlns="http://maven.apache.org/plugins/maven-assembly-plugin/assembly/1.1.0" xmlns:xsi="http://www.w3.org/2001/XMLSchema-instance"
    xsi:schemaLocation="http://maven.apache.org/plugins/maven-assembly-plugin/assembly/1.1.0 http://maven.apache.org/xsd/assembly-1.1.0.xsd">
  <id>src</id>
  <formats>
    <format>zip</format>
  </formats>
  <fileSets>
    <fileSet>
      <directory>${project.basedir}</directory>
      <includes>
        <include>procamcalib-nativelook</include>
        <include>procamcalib-oceanlook</include>
      </includes>
      <fileMode>0755</fileMode>
    </fileSet>
    <fileSet>
      <directory>${project.basedir}</directory>
      <includes>
        <include>procamcalib-nativelook.cmd</include>
        <include>procamcalib-oceanlook.cmd</include>
        <include>README*</include>
        <include>LICENSE*</include>
        <include>NOTICE*</include>
        <include>pom.xml</include>
        <include>build.xml</include>
        <include>nbproject/*</include>
      </includes>
      <useDefaultExcludes>true</useDefaultExcludes>
    </fileSet>
    <fileSet>
      <!-- TODO: use expresssions instead: ${project.build.sourceDirectory}, etc -->
      <directory>${project.basedir}/src</directory>
      <useDefaultExcludes>true</useDefaultExcludes>
    </fileSet>
  </fileSets>
</assembly>

